ANSII-BP28-R5,SEAPATH-00203
ANSII-BP28-R8,SEAPATH-00207
ANSII-BP28-R9,SEAPATH-00176
ANSII-BP28-R9,SEAPATH-00177
ANSII-BP28-R9,SEAPATH-00178
ANSII-BP28-R9,SEAPATH-00179
ANSII-BP28-R9,SEAPATH-00180
ANSII-BP28-R9,SEAPATH-00181
ANSII-BP28-R9,SEAPATH-00182
ANSII-BP28-R9,SEAPATH-00183
ANSII-BP28-R9,SEAPATH-00184
ANSII-BP28-R9,SEAPATH-00185
ANSII-BP28-R11,SEAPATH-00186
ANSII-BP28-R11,SEAPATH-00201
ANSII-BP28-R14,SEAPATH-00187
ANSII-BP28-R14,SEAPATH-00188
ANSII-BP28-R14,SEAPATH-00189
ANSII-BP28-R14,SEAPATH-00190
ANSII-BP28-R14,SEAPATH-00191
ANSII-BP28-R39,SEAPATH-00148
ANSII-BP28-R40,SEAPATH-00149
ANSII-BP28-R42,SEAPATH-00153
ANSII-BP28-R43,SEAPATH-00154
ANSII-BP28-R43,SEAPATH-00155
ANSII-BP28-R55,SEAPATH-00205
ANSII-BP28-R55,SEAPATH-00206
