ANSII-BP28-R36,SEAPATH-00148
ANSII-BP28-R36,SEAPATH-00225
ANSII-BP28-R37,SEAPATH-00226
ANSII-BP28-R64,SEAPATH-00085
ANSII-BP28-R64,SEAPATH-00086
ANSII-BP28-R64,SEAPATH-00120
ANSII-BP28-R64,SEAPATH-00121
ANSII-BP28-R64,SEAPATH-00123
ANSII-BP28-R64,SEAPATH-00124
ANSII-BP28-R65,SEAPATH-00087
ANSII-BP28-R65,SEAPATH-00128
ANSII-BP28-R65,SEAPATH-00129
ANSII-BP28-R65,SEAPATH-00130
ANSII-BP28-R65,SEAPATH-00131
ANSII-BP28-R65,SEAPATH-00132
ANSII-BP28-R65,SEAPATH-00133
ANSII-BP28-R65,SEAPATH-00134
ANSII-BP28-R65,SEAPATH-00135
ANSII-BP28-R65,SEAPATH-00136
ANSII-BP28-R65,SEAPATH-00137
ANSII-BP28-R65,SEAPATH-00138
ANSII-BP28-R65,SEAPATH-00139
ANSII-BP28-R71,SEAPATH-00044
ANSII-BP28-R71,SEAPATH-00045
ANSII-BP28-R71,SEAPATH-00083
ANSII-BP28-R71,SEAPATH-00084
ANSII-BP28-R71,SEAPATH-00108
ANSII-BP28-R73,SEAPATH-00215
ANSII-BP28-R73,SEAPATH-00216
